{
  "project_info": {
    "project_number": "981725336954",
    "project_id": "hams-group-4",
    "storage_bucket": "hams-group-4.appspot.com"
  },
  "client": [
    {
      "client_info": {
        "mobilesdk_app_id": "1:981725336954:android:da796e23c74893f14572c3",
        "android_client_info": {
          "package_name": "com.example.hams_test"
        }
      },
      "oauth_client": [],
      "api_key": [
        {
          "current_key": "AIzaSyDV5yeHAi8v2fzg0iMG9O0oF4WYhMSCsvM"
        }
      ],
      "services": {
        "appinvite_service": {
          "other_platform_oauth_client": []
        }
      }
    }
  ],
  "configuration_version": "1"
}